[
	{
		"Name":"Jishan Hoshen Jibon",
		"Depertment":"Software Engineering",
		"Job":"Senior Developer",
		"Birth":"05/02/1999",
		"NID":"245876523548",
		"Phone":"+880 1967-569642",
		"Address":"Bejpara, Jessore, Khulna, Bangladesh",
		"Email":"jishanhoshenjibon@gmail.com",
		"Website":"http://dream-creators.com"
	},
	{
		"Name":"Jishan Hoshen Jibon",
		"Depertment":"Software Engineering",
		"Job":"Senior Developer",
		"Birth":"05/02/1999",
		"NID":"547812564875",
		"Phone":"+880 1967-569642",
		"Address":"Bejpara, Jessore, Khulna, Bangladesh",
		"Email":"jishanhoshenjibon@gmail.com",
		"Website":"http://dream-creators.com"
	}
]